Model,MAE,MSE,R2 Score
Linear Regression,91068.67594942017,142631236181.83432,0.05290943366979051
Decision Tree,57652.570047389214,115362589796.83044,0.2339769083631127
Random Forest,70907.31248575111,116200468714.61816,0.22841327980595671
